{"Graph1": {"weekly": {"finish": [134, 138, 134, 130, 116, 132, 135, 129], "reject": [6, 5, 6, 10, 8, 10, 6, 8]}, "monthly": {"finish": [536, 512], "reject": [27, 32]}}, "Graph2": {"monthly": {"fixingTime_S1": [38.85449207846685, 36.567395815992896], "fixingTime_S2": [16.19912254705286, 16.05707883866458], "fixingTime_S3": [26.388793803264434, 30.813287294750275], "fixingTime_S4": [8.01153505952317, 13.3539675609321], "fixingTime_S5": [4.673419145818051, 18.910843260109058], "fixingTime_S6": [20.54930295244513, 20.077387161026678]}}, "Graph3": {"weekly": {"Ocupancy_S1": [1165.1986156107027, 1191.1983566895606, 1195.2860379927506, 1204.2946896536218, 1023.3117896800732, 1183.3370794192333, 1173.003541893463, 1156.8415244997896], "Ocupancy_S2": [594.9972935713536, 613.3778573248858, 588.8580865695461, 590.7286293140234, 505.61140597159704, 602.2435797524009, 567.672355271216, 589.4831433903307], "Ocupancy_S3": [596.2282827555101, 559.6882234232088, 590.6366124557037, 574.1251729469454, 509.4722427056364, 590.0617300440238, 586.848324466635, 571.0507534901017], "Ocupancy_S4": [572.945464258857, 587.7723670472031, 580.693256920507, 563.1496377563108, 505.3019514322075, 588.8106726022701, 578.7532029765213, 570.1583496272038], "Ocupancy_S5": [561.2758882668479, 580.6070314492434, 568.4040084588173, 591.4250516945577, 503.78526762537706, 556.0418412861537, 575.6206601580081, 597.4316252149933], "Ocupancy_S6": [580.860957221068, 563.7901335293485, 563.6382692336136, 559.7611604303207, 501.45582888620174, 553.6646115081203, 573.53999983263, 583.149772083118]}, "monthly": {"Ocupancy_S1": [4755.977699946636, 4536.493935492559], "Ocupancy_S2": [2387.9618667798086, 2265.0104843855447], "Ocupancy_S3": [2320.6782915813683, 2257.433050706397], "Ocupancy_S4": [2304.560725982878, 2243.0241766382023], "Ocupancy_S5": [2301.711979869466, 2232.8793942845323], "Ocupancy_S6": [2268.050520414351, 2211.81021231007]}}, "Graph4": {"weekly": {"DownTime_S1": [2334.8013843892973, 2308.8016433104394, 2304.713962007249, 2295.705310346378, 2476.688210319927, 2316.6629205807667, 2326.996458106537, 2343.1584755002104], "DownTime_S2": [2905.002706428646, 2886.6221426751144, 2911.141913430454, 2909.2713706859768, 2994.3885940284026, 2897.756420247599, 2932.327644728784, 2910.516856609669], "DownTime_S3": [2903.7717172444895, 2940.311776576791, 2909.3633875442956, 2925.8748270530546, 2990.5277572943637, 2909.9382699559765, 2913.151675533365, 2928.9492465098983], "DownTime_S4": [2927.054535741143, 2912.2276329527967, 2919.3067430794927, 2936.8503622436892, 2994.6980485677923, 2911.18932739773, 2921.2467970234784, 2929.8416503727963], "DownTime_S5": [2938.724111733152, 2919.392968550756, 2931.5959915411827, 2908.5749483054424, 2996.2147323746226, 2943.9581587138464, 2924.379339841992, 2902.5683747850067], "DownTime_S6": [2919.139042778932, 2936.2098664706514, 2936.3617307663862, 2940.238839569679, 2998.5441711137983, 2946.3353884918793, 2926.4600001673703, 2916.850227916882]}, "monthly": {"DownTime_S1": [9244.022300053364, 9463.50606450744], "DownTime_S2": [11612.03813322019, 11734.989515614456], "DownTime_S3": [11679.32170841863, 11742.566949293603], "DownTime_S4": [11695.439274017122, 11756.975823361798], "DownTime_S5": [11698.288020130532, 11767.120605715469], "DownTime_S6": [11731.949479585648, 11788.18978768993]}}, "Graph5": {"daily": {"production": [20, 20, 20, 20, 20, 20, 20, 21, 21, 21, 20, 20, 19, 21, 19, 21, 20, 20, 20, 20, 20, 20, 20, 20, 20, 20, 20, 20, 20, 20, 21, 20, 2, 20, 21, 20, 20, 21, 21, 21, 20, 19, 20, 20, 20, 20, 20, 20, 21, 20, 19, 19, 20, 20, 19, 20]}, "weekly": {"production": [140, 143, 140, 140, 124, 142, 141, 137]}, "monthly": {"production": [563, 544]}}}